Season,batter,batsman_run
2012,A Ashish Reddy,35
2012,A Chandila,0
2012,A Mishra,16
2012,A Nehra,9
2012,AA Chavan,7
2012,AA Jhunjhunwala,24
2012,AB McDonald,17
2012,AB de Villiers,241
2012,AC Blizzard,0
2012,AC Gilchrist,118
2012,AC Thomas,19
2012,AD Mascarenhas,9
2012,AD Mathews,116
2012,AD Russell,47
2012,AG Murtaza,3
2012,AL Menaria,159
2012,AM Nayar,11
2012,AM Rahane,403
2012,AP Majumdar,87
2012,AT Rayudu,248
2012,AUK Pathan,6
2012,Ankit Sharma,2
2012,Azhar Mahmood,186
2012,B Chipli,26
2012,B Kumar,38
2012,BA Bhatt,6
2012,BB McCullum,278
2012,BB Samantray,2
2012,BJ Hodge,168
2012,Bipul Sharma,19
2012,CA Lynn,6
2012,CH Gayle,663
2012,CJ Ferguson,35
2012,CJ McKay,8
2012,CL White,426
2012,DA Miller,98
2012,DA Warner,256
2012,DB Das,96
2012,DH Yagnik,25
2012,DJ Bravo,262
2012,DJ Harris,96
2012,DJ Hussey,365
2012,DJ Jacobs,0
2012,DL Vettori,7
2012,DPMD Jayawardene,315
2012,DR Smith,157
2012,DS Kulkarni,10
2012,DT Christian,104
2012,DW Steyn,12
2012,F du Plessis,270
2012,G Gambhir,499
2012,GB Hogg,13
2012,Gurkeerat Singh,86
2012,HH Gibbs,81
2012,HV Patel,5
2012,Harbhajan Singh,74
2012,Harmeet Singh,14
2012,Harpreet Singh,6
2012,IK Pathan,110
2012,IR Jaggi,15
2012,J Botha,50
2012,J Syed Mohammad,4
2012,J Theron,7
2012,JA Morkel,72
2012,JD Ryder,241
2012,JEC Franklin,154
2012,JH Kallis,347
2012,JP Duminy,244
2012,K Upadhyay,11
2012,KA Pollard,124
2012,KC Sangakkara,186
2012,KD Karthik,199
2012,KK Cooper,8
2012,KMDN Kulasekara,5
2012,KP Pietersen,254
2012,LR Shukla,36
2012,LRPL Taylor,197
2012,M Kaif,14
2012,M Kartik,12
2012,M Manhas,89
2012,M Morkel,1
2012,M Muralitharan,6
2012,M Vijay,313
2012,MA Agarwal,159
2012,MD Mishra,4
2012,MEK Hussey,261
2012,MJ Clarke,98
2012,MK Pandey,131
2012,MK Tiwary,175
2012,MM Patel,1
2012,MN Samuels,72
2012,MS Bisla,138
2012,MS Dhoni,295
2012,Mandeep Singh,364
2012,N Saini,140
2012,NLTC Perera,4
2012,NV Ojha,208
2012,OA Shah,196
2012,P Awana,4
2012,P Dogra,15
2012,P Kumar,24
2012,P Negi,36
2012,P Parameswaran,0
2012,PA Patel,173
2012,PA Reddy,73
2012,PC Valthaty,16
2012,PP Chawla,59
2012,PP Ojha,4
2012,R Ashwin,7
2012,R Bhatia,16
2012,R Dravid,377
2012,R Sharma,0
2012,R Vinay Kumar,19
2012,RA Jadeja,123
2012,RE Levi,1
2012,RG Sharma,338
2012,RJ Harris,18
2012,RJ Peterson,32
2012,RN ten Doeschate,11
2012,RP Singh,6
2012,RV Uthappa,312
2012,S Anirudha,19
2012,S Aravind,14
2012,S Badrinath,146
2012,S Dhawan,507
2012,S Nadeem,0
2012,SC Ganguly,229
2012,SD Chitnis,66
2012,SE Marsh,265
2012,SK Raina,349
2012,SL Malinga,50
2012,SP Goswami,22
2012,SP Narine,9
2012,SPD Smith,285
2012,SR Tendulkar,308
2012,SR Watson,255
2012,SS Tiwary,164
2012,STR Binny,90
2012,Shakib Al Hasan,71
2012,Sunny Gupta,0
2012,TM Dilshan,285
2012,UBT Chand,36
2012,UT Yadav,2
2012,V Kohli,293
2012,V Pratap Singh,0
2012,V Sehwag,442
2012,VR Aaron,1
2012,WD Parnell,8
2012,WP Saha,6
2012,Y Nagar,136
2012,Y Venugopal Rao,114
2012,YK Pathan,171
2012,Z Khan,1
2013,A Ashish Reddy,125
2013,A Chandila,4
2013,A Mishra,89
2013,A Mithun,2
2013,A Mukund,19
2013,A Nehra,1
2013,AB Agarkar,12
2013,AB Dinda,9
2013,AB McDonald,0
2013,AB de Villiers,373
2013,AC Gilchrist,294
2013,AD Mascarenhas,5
2013,AD Mathews,172
2013,AD Russell,11
2013,AG Murtaza,5
2013,AJ Finch,456
2013,AL Menaria,1
2013,AM Nayar,66
2013,AM Rahane,488
2013,AP Tare,123
2013,AS Rajpoot,2
2013,AT Rayudu,265
2013,Azhar Mahmood,196
2013,B Chipli,16
2013,B Kumar,52
2013,B Laughlin,4
2013,B Lee,21
2013,BAW Mendis,2
2013,BB McCullum,6
2013,BB Samantray,123
2013,BJ Hodge,293
2013,BJ Rohrer,193
2013,BMAJ Mendis,23
2013,CA Pujara,92
2013,CH Gayle,720
2013,CH Morris,14
2013,CL White,226
2013,CM Gautam,44
2013,DA Miller,418
2013,DA Warner,410
2013,DB Das,75
2013,DB Ravi Teja,14
2013,DH Yagnik,125
2013,DJ Bravo,121
2013,DJ Hussey,235
2013,DJG Sammy,174
2013,DPMD Jayawardene,331
2013,DR Smith,418
2013,DT Christian,6
2013,DW Steyn,53
2013,EJG Morgan,307
2013,G Gambhir,406
2013,GH Vihari,241
2013,GJ Maxwell,36
2013,Gurkeerat Singh,108
2013,Harbhajan Singh,116
2013,Harmeet Singh,3
2013,IC Pandey,0
2013,IK Pathan,153
2013,Iqbal Abdulla,8
2013,J Botha,43
2013,J Syed Mohammad,10
2013,JA Morkel,46
2013,JD Unadkat,2
2013,JH Kallis,311
2013,JP Faulkner,57
2013,K Upadhyay,1
2013,KA Pollard,420
2013,KB Arun Karthik,41
2013,KC Sangakkara,120
2013,KD Karthik,510
2013,KK Cooper,39
2013,KK Nair,9
2013,KL Rahul,20
2013,KM Jadhav,152
2013,KV Sharma,85
2013,KW Richardson,34
2013,L Balaji,9
2013,LA Pomersbach,58
2013,LJ Wright,106
2013,LR Shukla,3
2013,LRPL Taylor,63
2013,M Kartik,2
2013,M Manhas,13
2013,M Morkel,57
2013,M Rawat,5
2013,M Vijay,312
2013,M Vohra,161
2013,MA Agarwal,67
2013,MC Henriques,165
2013,MC Juneja,125
2013,MDKJ Perera,14
2013,MEK Hussey,733
2013,MG Johnson,39
2013,MK Pandey,136
2013,MK Tiwary,146
2013,MM Sharma,0
2013,MN Samuels,8
2013,MR Marsh,140
2013,MS Bisla,255
2013,MS Dhoni,461
2013,MS Gony,45
2013,Mandeep Singh,260
2013,Mohammed Shami,5
2013,NLTC Perera,235
2013,NM Coulter-Nile,9
2013,NV Ojha,9
2013,OA Shah,25
2013,P Awana,1
2013,P Dogra,5
2013,P Kumar,47
2013,PA Patel,294
2013,PA Reddy,91
2013,PC Valthaty,6
2013,PJ Sangwan,4
2013,PP Chawla,64
2013,PP Ojha,2
2013,PV Tambe,3
2013,Parvez Rasool,5
2013,Q de Kock,6
2013,R Ashwin,35
2013,R Bhatia,99
2013,R Dhawan,21
2013,R Dravid,471
2013,R McLaren,3
2013,R Rampaul,38
2013,R Sathish,109
2013,R Sharma,11
2013,R Shukla,1
2013,R Vinay Kumar,70
2013,RA Jadeja,201
2013,RE van der Merwe,22
2013,RG Sharma,538
2013,RJ Harris,2
2013,RN ten Doeschate,85
2013,RT Ponting,52
2013,RV Gomez,4
2013,RV Uthappa,434
2013,S Anirudha,0
2013,S Badrinath,124
2013,S Dhawan,311
2013,S Kaul,7
2013,S Nadeem,14
2013,S Narwal,23
2013,S Sreesanth,1
2013,SE Marsh,300
2013,SK Raina,548
2013,SK Trivedi,3
2013,SL Malinga,9
2013,SMSM Senanayake,10
2013,SP Narine,21
2013,SPD Smith,159
2013,SR Tendulkar,287
2013,SR Watson,543
2013,SS Tiwary,109
2013,STR Binny,293
2013,SV Samson,206
2013,SW Tait,1
2013,Sachin Baby,3
2013,Sandeep Sharma,0
2013,TL Suman,52
2013,TM Dilshan,76
2013,UA Birla,7
2013,UBT Chand,158
2013,UT Yadav,38
2013,V Kohli,639
2013,V Sehwag,295
2013,WD Parnell,5
2013,WP Saha,70
2013,X Thalaivan Sargunam,10
2013,YK Pathan,332
2013,Yuvraj Singh,238
2014,A Mishra,4
2014,AB Dinda,4
2014,AB de Villiers,395
2014,AD Russell,2
2014,AJ Finch,309
2014,AM Nayar,43
2014,AM Rahane,339
2014,AN Ahmed,4
2014,AP Tare,126
2014,AR Patel,62
2014,AT Rayudu,361
2014,Ankit Sharma,34
2014,B Kumar,1
2014,BB McCullum,405
2014,BCJ Cutting,8
2014,BE Hendricks,0
2014,BJ Hodge,101
2014,BR Dunk,40
2014,CA Lynn,58
2014,CA Pujara,125
2014,CH Gayle,196
2014,CJ Anderson,265
2014,CM Gautam,121
2014,DA Miller,446
2014,DA Warner,528
2014,DH Yagnik,4
2014,DJ Bravo,8
2014,DJ Hussey,116
2014,DJG Sammy,108
2014,DR Smith,566
2014,DS Kulkarni,35
2014,DW Steyn,22
2014,F du Plessis,303
2014,G Gambhir,335
2014,GJ Bailey,257
2014,GJ Maxwell,552
2014,HV Patel,13
2014,Harbhajan Singh,28
2014,IK Pathan,55
2014,Imran Tahir,8
2014,JA Morkel,45
2014,JD Unadkat,1
2014,JDS Neesham,42
2014,JH Kallis,151
2014,JJ Bumrah,1
2014,JO Holder,16
2014,JP Duminy,410
2014,JP Faulkner,181
2014,KA Pollard,273
2014,KD Karthik,325
2014,KK Cooper,39
2014,KK Nair,330
2014,KL Rahul,166
2014,KM Jadhav,149
2014,KP Pietersen,294
2014,KV Sharma,42
2014,KW Richardson,1
2014,Karanveer Singh,1
2014,L Balaji,1
2014,LMP Simmons,394
2014,LR Shukla,31
2014,LRPL Taylor,59
2014,M Manhas,35
2014,M Morkel,4
2014,M Vijay,207
2014,M Vohra,324
2014,M de Lange,1
2014,MA Agarwal,115
2014,MA Starc,85
2014,MC Henriques,9
2014,MEK Hussey,209
2014,MG Johnson,56
2014,MK Pandey,409
2014,MK Tiwary,152
2014,MM Sharma,1
2014,MS Bisla,3
2014,MS Dhoni,371
2014,Mandeep Singh,24
2014,Mohammed Shami,3
2014,NJ Maddinson,16
2014,NV Ojha,232
2014,P Kumar,1
2014,PA Patel,205
2014,PP Chawla,31
2014,PP Ojha,4
2014,PV Tambe,5
2014,Q de Kock,153
2014,R Ashwin,45
2014,R Bhatia,67
2014,R Dhawan,82
2014,R Rampaul,13
2014,R Shukla,18
2014,R Tewatia,16
2014,R Vinay Kumar,4
2014,RA Jadeja,146
2014,RG Sharma,390
2014,RN ten Doeschate,52
2014,RR Rossouw,39
2014,RV Uthappa,660
2014,S Anirudha,3
2014,S Dhawan,377
2014,S Gopal,11
2014,S Kaul,2
2014,S Nadeem,7
2014,S Rana,73
2014,SA Yadav,164
2014,SE Marsh,70
2014,SK Raina,523
2014,SL Malinga,2
2014,SP Narine,10
2014,SPD Smith,152
2014,SR Watson,246
2014,STR Binny,123
2014,SV Samson,339
2014,Sandeep Sharma,2
2014,Shakib Al Hasan,229
2014,Shivam Sharma,5
2014,TG Southee,4
2014,UBT Chand,2
2014,UT Yadav,2
2014,V Kohli,359
2014,V Sehwag,455
2014,VH Zol,29
2014,VR Aaron,35
2014,VS Malik,1
2014,WD Parnell,2
2014,WP Saha,362
2014,Y Venugopal Rao,71
2014,YK Pathan,268
2014,YS Chahal,1
2014,YV Takawale,104
2014,Yuvraj Singh,376
2014,Z Khan,8
2015,A Ashish Reddy,73
2015,A Mishra,8
2015,A Nehra,1
2015,AB de Villiers,513
2015,AD Mathews,144
2015,AD Russell,326
2015,AJ Finch,23
2015,AM Rahane,540
2015,AN Ahmed,10
2015,AP Tare,14
2015,AR Patel,206
2015,AT Rayudu,281
2015,Ankit Sharma,7
2015,Anureet Singh,18
2015,Azhar Mahmood,6
2015,B Kumar,17
2015,BB McCullum,436
2015,BE Hendricks,1
2015,Bipul Sharma,1
2015,CH Gayle,491
2015,CH Morris,76
2015,CJ Anderson,114
2015,CM Gautam,4
2015,D Wiese,122
2015,DA Miller,357
2015,DA Warner,562
2015,DJ Bravo,195
2015,DJ Hooda,151
2015,DJ Muthuswami,1
2015,DJG Sammy,13
2015,DR Smith,399
2015,DS Kulkarni,4
2015,DW Steyn,20
2015,EJG Morgan,187
2015,F du Plessis,380
2015,G Gambhir,327
2015,GB Hogg,7
2015,GH Vihari,39
2015,GJ Bailey,259
2015,GJ Maxwell,146
2015,Gurkeerat Singh,35
2015,HH Pandya,112
2015,HV Patel,19
2015,Harbhajan Singh,117
2015,Imran Tahir,5
2015,Iqbal Abdulla,20
2015,J Botha,31
2015,J Suchith,48
2015,J Theron,1
2015,JA Morkel,86
2015,JP Duminy,414
2015,JP Faulkner,144
2015,KA Pollard,419
2015,KD Karthik,141
2015,KK Nair,181
2015,KL Rahul,142
2015,KM Jadhav,189
2015,KS Williamson,31
2015,KV Sharma,104
2015,Karanveer Singh,11
2015,LMP Simmons,540
2015,M Morkel,4
2015,M Vijay,251
2015,M Vohra,82
2015,MA Agarwal,213
2015,MA Starc,11
2015,MC Henriques,287
2015,MEK Hussey,77
2015,MG Johnson,31
2015,MJ McClenaghan,13
2015,MK Pandey,225
2015,MK Tiwary,57
2015,MM Sharma,28
2015,MS Bisla,37
2015,MS Dhoni,372
2015,Mandeep Singh,157
2015,NJ Maddinson,4
2015,NLTC Perera,12
2015,NM Coulter-Nile,20
2015,NV Ojha,137
2015,P Kumar,17
2015,P Negi,116
2015,PA Patel,339
2015,PJ Cummins,0
2015,PP Chawla,54
2015,PV Tambe,3
2015,Parvez Rasool,2
2015,Q de Kock,122
2015,R Ashwin,52
2015,R Bhatia,0
2015,R Dhawan,36
2015,R Vinay Kumar,0
2015,RA Jadeja,132
2015,RG More,2
2015,RG Sharma,482
2015,RN ten Doeschate,61
2015,RR Rossouw,14
2015,RS Bopara,145
2015,RV Uthappa,364
2015,S Aravind,0
2015,S Dhawan,353
2015,S Gopal,1
2015,S Nadeem,2
2015,SA Abbott,15
2015,SA Yadav,157
2015,SE Marsh,93
2015,SK Raina,374
2015,SL Malinga,6
2015,SN Khan,111
2015,SN Thakur,7
2015,SP Narine,0
2015,SPD Smith,298
2015,SR Watson,347
2015,SS Iyer,439
2015,SS Tiwary,109
2015,STR Binny,74
2015,SV Samson,204
2015,Sandeep Sharma,9
2015,Shakib Al Hasan,36
2015,TG Southee,13
2015,UBT Chand,102
2015,UT Yadav,29
2015,V Kohli,505
2015,V Sehwag,99
2015,VR Aaron,6
2015,WP Saha,249
2015,YK Pathan,312
2015,YS Chahal,1
2015,Yuvraj Singh,248
2016,A Ashish Reddy,47
2016,A Mishra,4
2016,A Nehra,1
2016,A Zampa,0
2016,AB de Villiers,687
2016,AD Nath,20
2016,AD Russell,188
2016,AJ Finch,393
2016,AM Rahane,480
2016,AP Tare,8
2016,AR Patel,111
2016,AT Rayudu,334
2016,Ankit Sharma,3
2016,B Kumar,43
2016,BB McCullum,354
2016,BB Sran,4
2016,BCJ Cutting,65
2016,Bipul Sharma,51
2016,C Munro,30
2016,CA Lynn,25
2016,CH Gayle,227
2016,CH Morris,195
2016,CJ Jordan,3
2016,CR Brathwaite,83
2016,D Wiese,5
2016,DA Miller,161
2016,DA Warner,848
2016,DJ Bravo,99
2016,DJ Hooda,144
2016,DR Smith,324
2016,DS Kulkarni,27
2016,DW Steyn,1
2016,EJG Morgan,123
2016,ER Dwivedi,24
2016,F Behardien,14
2016,F du Plessis,206
2016,G Gambhir,501
2016,GJ Bailey,84
2016,GJ Maxwell,179
2016,Gurkeerat Singh,113
2016,HH Pandya,44
2016,HM Amla,157
2016,Harbhajan Singh,92
2016,IK Pathan,11
2016,Imran Tahir,5
2016,Iqbal Abdulla,37
2016,Ishan Kishan,42
2016,J Yadav,6
2016,JA Morkel,16
2016,JC Buttler,255
2016,JJ Bumrah,8
2016,JO Holder,22
2016,JP Duminy,191
2016,JP Faulkner,77
2016,KA Pollard,207
2016,KC Cariappa,13
2016,KD Karthik,335
2016,KH Pandya,237
2016,KJ Abbott,13
2016,KK Nair,357
2016,KL Rahul,397
2016,KM Jadhav,42
2016,KP Pietersen,73
2016,KS Williamson,124
2016,KV Sharma,36
2016,KW Richardson,1
2016,LMP Simmons,8
2016,M Ashwin,0
2016,M Morkel,1
2016,M Vijay,453
2016,M Vohra,161
2016,MA Agarwal,27
2016,MC Henriques,182
2016,MG Johnson,5
2016,MJ Guptill,57
2016,MJ McClenaghan,34
2016,MK Pandey,248
2016,MM Sharma,32
2016,MP Stoinis,146
2016,MR Marsh,7
2016,MS Dhoni,284
2016,Mohammed Shami,2
2016,N Rana,104
2016,NLTC Perera,150
2016,NM Coulter-Nile,9
2016,NS Naik,23
2016,NV Ojha,136
2016,P Kumar,24
2016,P Negi,57
2016,P Sahu,19
2016,PA Patel,177
2016,PP Chawla,27
2016,PSP Handscomb,6
2016,PV Tambe,7
2016,Parvez Rasool,10
2016,Q de Kock,445
2016,R Ashwin,41
2016,R Bhatia,34
2016,R Dhawan,14
2016,R Sathish,24
2016,R Vinay Kumar,13
2016,RA Jadeja,191
2016,RG Sharma,489
2016,RR Pant,198
2016,RV Uthappa,394
2016,S Dhawan,501
2016,S Gopal,2
2016,S Kaushik,0
2016,S Nadeem,1
2016,SA Yadav,182
2016,SB Jakati,1
2016,SE Marsh,159
2016,SK Raina,399
2016,SN Khan,66
2016,SP Narine,7
2016,SPD Smith,270
2016,SR Watson,179
2016,SS Iyer,30
2016,SS Tiwary,170
2016,STR Binny,63
2016,SV Samson,291
2016,SW Billings,88
2016,Sachin Baby,119
2016,Sandeep Sharma,8
2016,Shakib Al Hasan,114
2016,Swapnil Singh,0
2016,TG Southee,30
2016,TM Head,54
2016,UBT Chand,0
2016,UT Khawaja,127
2016,UT Yadav,9
2016,V Kohli,973
2016,WP Saha,270
2016,YK Pathan,361
2016,Yuvraj Singh,236
2016,Z Khan,6
2017,A Choudhary,25
2017,A Mishra,49
2017,A Zampa,5
2017,AB Dinda,7
2017,AB de Villiers,216
2017,AD Mathews,32
2017,AD Nath,0
2017,AF Milne,7
2017,AJ Finch,300
2017,AJ Tye,53
2017,AM Rahane,382
2017,AP Tare,18
2017,AR Bawne,12
2017,AR Patel,227
2017,AS Rajpoot,4
2017,AT Rayudu,91
2017,Ankit Sharma,25
2017,Ankit Soni,7
2017,Anureet Singh,15
2017,B Kumar,4
2017,BA Stokes,316
2017,BB McCullum,320
2017,BCJ Cutting,51
2017,Basil Thampi,28
2017,Bipul Sharma,31
2017,C de Grandhomme,126
2017,CA Lynn,295
2017,CH Gayle,200
2017,CH Morris,154
2017,CJ Anderson,142
2017,CJ Jordan,0
2017,CR Brathwaite,12
2017,CR Woakes,46
2017,DA Miller,83
2017,DA Warner,641
2017,DJ Hooda,78
2017,DL Chahar,14
2017,DM Bravo,6
2017,DR Smith,239
2017,DS Kulkarni,1
2017,DT Christian,79
2017,EJG Morgan,65
2017,F du Plessis,8
2017,G Gambhir,498
2017,GJ Maxwell,310
2017,HH Pandya,250
2017,HM Amla,420
2017,Harbhajan Singh,16
2017,I Sharma,8
2017,IK Pathan,2
2017,IR Jaggi,33
2017,Imran Tahir,0
2017,Iqbal Abdulla,5
2017,Ishan Kishan,277
2017,JC Buttler,273
2017,JD Unadkat,2
2017,JJ Bumrah,16
2017,JJ Roy,59
2017,JP Faulkner,54
2017,K Rabada,55
2017,KA Pollard,395
2017,KC Cariappa,2
2017,KD Karthik,361
2017,KH Pandya,243
2017,KK Nair,281
2017,KM Jadhav,267
2017,KS Williamson,256
2017,KV Sharma,49
2017,Kuldeep Yadav,20
2017,LH Ferguson,1
2017,LMP Simmons,137
2017,M Vohra,229
2017,MA Agarwal,26
2017,MC Henriques,277
2017,MG Johnson,20
2017,MJ Guptill,132
2017,MJ McClenaghan,16
2017,MK Pandey,396
2017,MK Tiwary,324
2017,MM Patel,0
2017,MM Sharma,51
2017,MN Samuels,29
2017,MP Stoinis,17
2017,MS Dhoni,290
2017,Mandeep Singh,188
2017,Mohammad Nabi,2
2017,Mohammed Shami,36
2017,N Rana,333
2017,NM Coulter-Nile,14
2017,NV Ojha,79
2017,P Kumar,8
2017,P Negi,144
2017,PA Patel,395
2017,PJ Cummins,77
2017,PJ Sangwan,2
2017,PP Chawla,2
2017,R Bhatia,16
2017,R Tewatia,19
2017,RA Jadeja,158
2017,RA Tripathi,391
2017,RD Chahar,3
2017,RG Sharma,333
2017,RR Pant,366
2017,RV Uthappa,388
2017,Rashid Khan,11
2017,S Aravind,32
2017,S Badree,13
2017,S Dhawan,479
2017,S Kaul,0
2017,S Nadeem,2
2017,SA Yadav,105
2017,SE Marsh,264
2017,SK Raina,442
2017,SL Malinga,7
2017,SN Thakur,0
2017,SP Jackson,38
2017,SP Narine,224
2017,SPD Smith,472
2017,SR Watson,71
2017,SS Iyer,338
2017,SS Tiwary,52
2017,STR Binny,78
2017,SV Samson,386
2017,SW Billings,138
2017,Sachin Baby,15
2017,Sandeep Sharma,7
2017,Shakib Al Hasan,1
2017,Swapnil Singh,12
2017,TA Boult,5
2017,TG Southee,7
2017,TM Head,151
2017,TS Mills,8
2017,UT Yadav,10
2017,V Kohli,308
2017,V Shankar,101
2017,VR Aaron,4
2017,Vishnu Vinod,19
2017,WP Saha,234
2017,Washington Sundar,9
2017,YK Pathan,143
2017,YS Chahal,13
2017,Yuvraj Singh,252
2017,Z Khan,4
2018,A Dananjaya,4
2018,A Mishra,1
2018,AB de Villiers,286
2018,AD Hales,109
2018,AD Nath,9
2018,AD Russell,218
2018,AJ Finch,24
2018,AJ Tye,18
2018,AM Rahane,239
2018,AR Patel,28
2018,AS Rajpoot,8
2018,AT Rayudu,423
2018,B Kumar,1
2018,B Laughlin,1
2018,B Stanlake,5
2018,BA Stokes,174
2018,BB McCullum,127
2018,BB Sran,2
2018,BCJ Cutting,45
2018,Basil Thampi,3
2018,C Munro,63
2018,C de Grandhomme,86
2018,CA Lynn,298
2018,CH Gayle,311
2018,CH Morris,46
2018,CJ Anderson,17
2018,CR Woakes,17
2018,DA Miller,50
2018,DJ Bravo,132
2018,DJ Hooda,43
2018,DJM Short,111
2018,DL Chahar,0
2018,DR Shorey,8
2018,DS Kulkarni,6
2018,DT Christian,26
2018,E Lewis,265
2018,F du Plessis,71
2018,G Gambhir,85
2018,GJ Maxwell,142
2018,H Klaasen,7
2018,HH Pandya,188
2018,HV Patel,24
2018,Harbhajan Singh,8
2018,Imran Tahir,2
2018,Ishan Kishan,238
2018,JC Archer,9
2018,JC Buttler,320
2018,JD Unadkat,23
2018,JJ Bumrah,10
2018,JJ Roy,97
2018,JP Duminy,36
2018,K Gowtham,87
2018,KA Pollard,76
2018,KD Karthik,321
2018,KH Pandya,189
2018,KK Nair,243
2018,KL Rahul,471
2018,KM Jadhav,24
2018,KS Williamson,493
2018,Kuldeep Yadav,12
2018,LE Plunkett,1
2018,M Ashwin,1
2018,M Markande,11
2018,M Prasidh Krishna,1
2018,M Vijay,12
2018,M Vohra,55
2018,MA Agarwal,118
2018,MA Wood,1
2018,MG Johnson,16
2018,MJ McClenaghan,0
2018,MK Lomror,20
2018,MK Pandey,184
2018,MK Tiwary,8
2018,MM Ali,10
2018,MM Sharma,1
2018,MP Stoinis,96
2018,MS Dhoni,360
2018,Mandeep Singh,232
2018,Mohammad Nabi,18
2018,Mohammed Shami,7
2018,Mohammed Siraj,11
2018,Mujeeb Ur Rahman,10
2018,Mustafizur Rahman,1
2018,N Rana,240
2018,NV Ojha,1
2018,P Negi,3
2018,PA Patel,73
2018,PJ Sangwan,0
2018,PP Chawla,15
2018,PP Shaw,205
2018,Q de Kock,201
2018,R Ashwin,57
2018,R Tewatia,50
2018,R Vinay Kumar,6
2018,RA Jadeja,59
2018,RA Tripathi,99
2018,RG Sharma,267
2018,RK Bhui,0
2018,RK Singh,29
2018,RR Pant,521
2018,RV Uthappa,273
2018,Rashid Khan,25
2018,S Dhawan,290
2018,S Gopal,50
2018,S Kaul,3
2018,S Nadeem,6
2018,SA Yadav,435
2018,SK Raina,261
2018,SN Khan,11
2018,SP Narine,202
2018,SR Watson,328
2018,SS Iyer,354
2018,STR Binny,21
2018,SV Samson,332
2018,SW Billings,80
2018,Sandeep Sharma,0
2018,Shakib Al Hasan,158
2018,Shivam Mavi,7
2018,Shubman Gill,129
2018,TA Boult,0
2018,TG Southee,37
2018,TK Curran,23
2018,UT Yadav,3
2018,V Kohli,396
2018,V Shankar,112
2018,WP Saha,87
2018,Washington Sundar,65
2018,YK Pathan,186
2018,Yuvraj Singh,64
2007/08,A Chopra,42
2007/08,A Kumble,13
2007/08,A Mishra,37
2007/08,A Mukund,0
2007/08,A Nehra,3
2007/08,A Symonds,161
2007/08,AA Noffke,9
2007/08,AB Agarkar,54
2007/08,AB Dinda,2
2007/08,AB de Villiers,95
2007/08,AC Gilchrist,436
2007/08,AD Mascarenhas,9
2007/08,AM Nayar,206
2007/08,AM Rahane,4
2007/08,AS Yadav,49
2007/08,Abdur Razzak,0
2007/08,B Akhil,46
2007/08,B Chipli,20
2007/08,B Lee,17
2007/08,BB McCullum,188
2007/08,BJ Hodge,12
2007/08,CK Kapugedera,16
2007/08,CL White,114
2007/08,CRD Fernando,2
2007/08,D Kalyankrishna,3
2007/08,D Salunkhe,33
2007/08,DB Das,103
2007/08,DB Ravi Teja,109
2007/08,DJ Bravo,178
2007/08,DJ Hussey,319
2007/08,DJ Thornely,39
2007/08,DNT Zoysa,11
2007/08,DP Vijaykumar,1
2007/08,DPMD Jayawardene,179
2007/08,DR Smith,45
2007/08,DS Kulkarni,2
2007/08,DS Lehmann,18
2007/08,DT Patil,13
2007/08,DW Steyn,2
2007/08,G Gambhir,534
2007/08,GC Smith,441
2007/08,GD McGrath,4
2007/08,H Das,2
2007/08,HH Gibbs,167
2007/08,Harbhajan Singh,30
2007/08,I Sharma,11
2007/08,IK Pathan,131
2007/08,Iqbal Abdulla,1
2007/08,J Arunkumar,23
2007/08,JA Morkel,241
2007/08,JDP Oram,18
2007/08,JH Kallis,199
2007/08,JR Hopes,221
2007/08,Joginder Sharma,16
2007/08,K Goel,76
2007/08,KC Sangakkara,320
2007/08,KD Karthik,145
2007/08,Kamran Akmal,128
2007/08,L Balaji,0
2007/08,L Ronchi,34
2007/08,LA Pomersbach,152
2007/08,LPC Silva,40
2007/08,LR Shukla,163
2007/08,LRPL Taylor,149
2007/08,M Kaif,176
2007/08,M Kartik,30
2007/08,M Muralitharan,0
2007/08,M Ntini,11
2007/08,M Rawat,34
2007/08,MA Khote,24
2007/08,MEK Hussey,168
2007/08,MF Maharoof,125
2007/08,MK Pandey,3
2007/08,MK Tiwary,104
2007/08,ML Hayden,189
2007/08,MM Patel,0
2007/08,MS Dhoni,414
2007/08,MS Gony,35
2007/08,MV Boucher,225
2007/08,Misbah-ul-Haq,117
2007/08,Mohammad Asif,3
2007/08,Mohammad Hafeez,64
2007/08,NK Patel,103
2007/08,P Kumar,112
2007/08,PA Patel,302
2007/08,PJ Sangwan,2
2007/08,PM Sarvesh Kumar,1
2007/08,PP Chawla,90
2007/08,PP Ojha,2
2007/08,PR Shah,34
2007/08,Pankaj Singh,5
2007/08,R Bhatia,34
2007/08,R Dravid,371
2007/08,R Vinay Kumar,25
2007/08,RA Jadeja,135
2007/08,RG Sharma,404
2007/08,RP Singh,27
2007/08,RR Powar,28
2007/08,RR Raje,8
2007/08,RR Sarwan,73
2007/08,RT Ponting,39
2007/08,RV Uthappa,320
2007/08,S Anirudha,1
2007/08,S Badrinath,192
2007/08,S Chanderpaul,25
2007/08,S Dhawan,340
2007/08,S Sohal,4
2007/08,S Sreesanth,0
2007/08,S Vidyut,145
2007/08,SA Asnodkar,311
2007/08,SB Bangar,47
2007/08,SB Joshi,6
2007/08,SB Styris,112
2007/08,SC Ganguly,349
2007/08,SD Chitnis,18
2007/08,SE Marsh,616
2007/08,SK Raina,421
2007/08,SK Trivedi,5
2007/08,SK Warne,70
2007/08,SM Katich,96
2007/08,SM Pollock,147
2007/08,SP Fleming,196
2007/08,SP Goswami,82
2007/08,SR Tendulkar,188
2007/08,SR Watson,472
2007/08,SS Tiwary,26
2007/08,ST Jayasuriya,514
2007/08,Salman Butt,193
2007/08,Shahid Afridi,81
2007/08,Shoaib Akhtar,2
2007/08,Shoaib Malik,52
2007/08,Sohail Tanvir,36
2007/08,T Kohli,10
2007/08,T Taibu,31
2007/08,TM Dilshan,104
2007/08,TM Srivastava,8
2007/08,U Kaul,0
2007/08,Umar Gul,39
2007/08,V Kohli,165
2007/08,V Sehwag,406
2007/08,VRV Singh,4
2007/08,VS Yeligati,2
2007/08,VVS Laxman,155
2007/08,VY Mahesh,15
2007/08,W Jaffer,115
2007/08,WA Mota,26
2007/08,WP Saha,159
2007/08,WPUJC Vaas,21
2007/08,Y Venugopal Rao,288
2007/08,YK Pathan,435
2007/08,YV Takawale,70
2007/08,Younis Khan,3
2007/08,Yuvraj Singh,299
2007/08,Z Khan,34
2009,A Chopra,11
2009,A Flintoff,62
2009,A Kumble,16
2009,A Mishra,26
2009,A Nehra,1
2009,A Singh,1
2009,A Symonds,249
2009,AA Bilakhia,67
2009,AB Agarkar,66
2009,AB Dinda,2
2009,AB McDonald,3
2009,AB de Villiers,465
2009,AC Gilchrist,495
2009,AD Mascarenhas,39
2009,AD Mathews,16
2009,AM Nayar,193
2009,AM Rahane,144
2009,AN Ghosh,7
2009,AS Raut,78
2009,B Akhil,17
2009,B Lee,28
2009,BAW Mendis,0
2009,BB McCullum,286
2009,BJ Hodge,365
2009,C Nanda,0
2009,CH Gayle,184
2009,D du Preez,10
2009,DA Warner,163
2009,DB Ravi Teja,65
2009,DJ Bravo,218
2009,DJ Hussey,98
2009,DL Vettori,34
2009,DPMD Jayawardene,219
2009,DR Smith,215
2009,DS Kulkarni,9
2009,DW Steyn,0
2009,FH Edwards,4
2009,G Gambhir,286
2009,GC Smith,212
2009,GJ Bailey,45
2009,GR Napier,15
2009,HH Gibbs,371
2009,Harbhajan Singh,84
2009,I Sharma,16
2009,IK Pathan,196
2009,J Botha,47
2009,JA Morkel,97
2009,JD Ryder,56
2009,JDP Oram,88
2009,JH Kallis,361
2009,JP Duminy,372
2009,Joginder Sharma,20
2009,K Goel,124
2009,KC Sangakkara,332
2009,KD Karthik,288
2009,KP Appanna,0
2009,KP Pietersen,93
2009,KV Sharma,1
2009,Kamran Khan,3
2009,L Balaji,4
2009,L Ronchi,0
2009,LA Carseldine,81
2009,LA Pomersbach,41
2009,LR Shukla,83
2009,LRPL Taylor,280
2009,M Kartik,21
2009,M Manhas,75
2009,M Morkel,8
2009,M Muralitharan,8
2009,M Rawat,16
2009,M Vijay,60
2009,MC Henriques,38
2009,MF Maharoof,21
2009,MK Pandey,168
2009,MK Tiwary,9
2009,ML Hayden,572
2009,MM Patel,33
2009,MN van Wyk,167
2009,MS Dhoni,332
2009,MS Gony,13
2009,MV Boucher,150
2009,Mashrafe Mortaza,2
2009,Mohammad Ashraful,2
2009,NK Patel,18
2009,NV Ojha,168
2009,P Kumar,65
2009,PA Patel,142
2009,PC Valthaty,6
2009,PJ Sangwan,6
2009,PP Chawla,31
2009,PP Ojha,1
2009,PR Shah,53
2009,Pankaj Singh,1
2009,R Ashwin,8
2009,R Bhatia,8
2009,R Bishnoi,19
2009,R Dravid,271
2009,R Vinay Kumar,47
2009,RA Jadeja,295
2009,RE van der Merwe,122
2009,RG Sharma,362
2009,RJ Harris,21
2009,RJ Quiney,103
2009,RP Singh,8
2009,RR Powar,23
2009,RR Raje,12
2009,RS Bopara,138
2009,RV Uthappa,175
2009,S Badrinath,177
2009,S Dhawan,40
2009,S Sohal,115
2009,S Sreesanth,5
2009,SA Asnodkar,98
2009,SB Bangar,2
2009,SB Jakati,20
2009,SB Styris,14
2009,SC Ganguly,189
2009,SD Chitnis,6
2009,SK Raina,434
2009,SK Trivedi,9
2009,SK Warne,108
2009,SL Malinga,0
2009,SM Harwood,9
2009,SM Katich,145
2009,SP Goswami,53
2009,SR Tendulkar,364
2009,SS Shaikh,6
2009,SS Tiwary,13
2009,ST Jayasuriya,221
2009,Shoaib Ahmed,1
2009,T Henderson,11
2009,T Kohli,1
2009,T Thushara,2
2009,TL Suman,237
2009,TM Dilshan,418
2009,TM Srivastava,0
2009,V Kohli,246
2009,V Sehwag,198
2009,VVS Laxman,19
2009,W Jaffer,15
2009,WA Mota,30
2009,WP Saha,72
2009,WPUJC Vaas,30
2009,Y Nagar,20
2009,Y Venugopal Rao,124
2009,YK Pathan,261
2009,YV Takawale,18
2009,Yashpal Singh,47
2009,Yuvraj Singh,340
2009,Z Khan,8
2009/10,A Kumble,6
2009/10,A Mishra,39
2009/10,A Mithun,5
2009/10,A Nehra,23
2009/10,A Symonds,429
2009/10,A Uniyal,4
2009/10,AA Bilakhia,2
2009/10,AA Jhunjhunwala,183
2009/10,AB Agarkar,40
2009/10,AB Barath,42
2009/10,AB Dinda,0
2009/10,AB McDonald,65
2009/10,AB de Villiers,111
2009/10,AC Gilchrist,289
2009/10,AC Voges,181
2009/10,AD Mascarenhas,12
2009/10,AD Mathews,233
2009/10,AG Paunikar,0
2009/10,AJ Finch,21
2009/10,AM Nayar,58
2009/10,AN Ahmed,4
2009/10,AP Dole,34
2009/10,AP Tare,50
2009/10,AS Raut,56
2009/10,AT Rayudu,356
2009/10,Anirudh Singh,63
2009/10,B Lee,11
2009/10,B Sumanth,35
2009/10,BAW Mendis,1
2009/10,BB McCullum,114
2009/10,BJ Hodge,99
2009/10,Bipul Sharma,9
2009/10,C Madan,15
2009/10,CA Pujara,122
2009/10,CH Gayle,292
2009/10,CK Langeveldt,0
2009/10,CL White,48
2009/10,CRD Fernando,2
2009/10,DA Warner,282
2009/10,DE Bollinger,18
2009/10,DJ Bravo,61
2009/10,DJ Hussey,94
2009/10,DL Vettori,33
2009/10,DP Nannes,4
2009/10,DPMD Jayawardene,445
2009/10,DR Martyn,19
2009/10,DR Smith,22
2009/10,DW Steyn,13
2009/10,EJG Morgan,35
2009/10,FY Fazal,164
2009/10,G Gambhir,277
2009/10,GC Smith,44
2009/10,GJ Bailey,18
2009/10,HH Gibbs,267
2009/10,Harbhajan Singh,105
2009/10,Harmeet Singh,0
2009/10,I Sharma,6
2009/10,IK Pathan,276
2009/10,Iqbal Abdulla,0
2009/10,J Theron,2
2009/10,JA Morkel,199
2009/10,JH Kallis,572
2009/10,JM Kemp,26
2009/10,JP Duminy,157
2009/10,Jaskaran Singh,8
2009/10,K Goel,18
2009/10,KA Pollard,273
2009/10,KAJ Roach,10
2009/10,KB Arun Karthik,3
2009/10,KC Sangakkara,357
2009/10,KD Karthik,278
2009/10,KM Jadhav,76
2009/10,KP Appanna,2
2009/10,KP Pietersen,236
2009/10,L Balaji,18
2009/10,LR Shukla,36
2009/10,LRPL Taylor,88
2009/10,M Kaif,28
2009/10,M Kartik,22
2009/10,M Manhas,157
2009/10,M Morkel,9
2009/10,M Muralitharan,1
2009/10,M Vijay,458
2009/10,MC Henriques,11
2009/10,MD Mishra,166
2009/10,MEK Hussey,37
2009/10,MF Maharoof,31
2009/10,MJ Lumb,278
2009/10,MK Pandey,249
2009/10,MK Tiwary,237
2009/10,ML Hayden,346
2009/10,MM Patel,4
2009/10,MR Marsh,28
2009/10,MS Bisla,218
2009/10,MS Dhoni,287
2009/10,MS Gony,2
2009/10,MV Boucher,13
2009/10,Mandeep Singh,4
2009/10,NV Ojha,377
2009/10,OA Shah,115
2009/10,P Dogra,107
2009/10,P Kumar,4
2009/10,PA Patel,72
2009/10,PD Collingwood,203
2009/10,PJ Sangwan,10
2009/10,PP Chawla,62
2009/10,PP Ojha,3
2009/10,Pankaj Singh,1
2009/10,R Ashwin,30
2009/10,R Bhatia,24
2009/10,R Dravid,256
2009/10,R McLaren,66
2009/10,R Sathish,112
2009/10,R Sharma,29
2009/10,R Vinay Kumar,27
2009/10,RE van der Merwe,1
2009/10,RG Sharma,404
2009/10,RJ Harris,45
2009/10,RP Singh,9
2009/10,RR Powar,5
2009/10,RS Bopara,248
2009/10,RS Gavaskar,2
2009/10,RS Sodhi,4
2009/10,RV Uthappa,374
2009/10,S Anirudha,30
2009/10,S Badrinath,356
2009/10,S Dhawan,191
2009/10,S Ladda,0
2009/10,S Narwal,14
2009/10,S Sreesanth,27
2009/10,S Sriram,27
2009/10,S Tyagi,3
2009/10,SA Asnodkar,5
2009/10,SC Ganguly,493
2009/10,SE Bond,1
2009/10,SE Marsh,147
2009/10,SJ Srivastava,1
2009/10,SK Raina,528
2009/10,SK Trivedi,20
2009/10,SK Warne,10
2009/10,SL Malinga,1
2009/10,SP Goswami,8
2009/10,SR Tendulkar,618
2009/10,SR Watson,185
2009/10,SS Tiwary,419
2009/10,ST Jayasuriya,33
2009/10,STR Binny,8
2009/10,SW Tait,12
2009/10,T Thushara,10
2009/10,TL Suman,307
2009/10,TM Dilshan,44
2009/10,UT Yadav,3
2009/10,V Kohli,307
2009/10,V Sehwag,356
2009/10,VS Malik,6
2009/10,VVS Laxman,64
2009/10,WP Saha,67
2009/10,WPUJC Vaas,30
2009/10,Y Nagar,1
2009/10,Y Venugopal Rao,34
2009/10,YA Abdulla,0
2009/10,YK Pathan,333
2009/10,Yuvraj Singh,259
2009/10,Z Khan,24
2011,A Mishra,68
2011,A Mithun,27
2011,A Singh,1
2011,A Symonds,135
2011,AA Chavan,1
2011,AA Jhunjhunwala,10
2011,AB Agarkar,7
2011,AB Dinda,0
2011,AB McDonald,8
2011,AB de Villiers,312
2011,AC Blizzard,120
2011,AC Gilchrist,383
2011,AC Thomas,1
2011,AG Murtaza,2
2011,AG Paunikar,49
2011,AJ Finch,47
2011,AL Menaria,180
2011,AM Nayar,61
2011,AM Rahane,120
2011,AN Ahmed,18
2011,AS Raut,60
2011,AT Rayudu,395
2011,AUK Pathan,33
2011,B Akhil,13
2011,B Chipli,207
2011,B Kumar,1
2011,B Lee,5
2011,BA Bhatt,0
2011,BB McCullum,357
2011,BJ Haddin,18
2011,BJ Hodge,285
2011,Bipul Sharma,23
2011,CA Ingram,21
2011,CA Pujara,34
2011,CH Gayle,608
2011,CJ Ferguson,48
2011,CK Langeveldt,8
2011,CL White,104
2011,DA Warner,324
2011,DB Ravi Teja,183
2011,DE Bollinger,0
2011,DH Yagnik,16
2011,DJ Bravo,11
2011,DJ Hussey,64
2011,DJ Jacobs,92
2011,DL Vettori,23
2011,DPMD Jayawardene,299
2011,DS Kulkarni,2
2011,DT Christian,190
2011,DW Steyn,36
2011,EJG Morgan,137
2011,FY Fazal,19
2011,G Gambhir,378
2011,GC Smith,42
2011,Harbhajan Singh,103
2011,Harpreet Singh,14
2011,I Malhotra,7
2011,I Sharma,4
2011,IK Pathan,150
2011,IR Jaggi,28
2011,Iqbal Abdulla,15
2011,J Botha,230
2011,J Syed Mohammad,15
2011,JA Morkel,138
2011,JD Ryder,292
2011,JDP Oram,0
2011,JE Taylor,3
2011,JEC Franklin,107
2011,JH Kallis,424
2011,JJ van der Wath,18
2011,JP Duminy,205
2011,JR Hopes,196
2011,Joginder Sharma,0
2011,KA Pollard,146
2011,KB Arun Karthik,7
2011,KC Sangakkara,358
2011,KD Karthik,282
2011,KM Jadhav,18
2011,L Ablish,0
2011,L Balaji,4
2011,LA Pomersbach,51
2011,LR Shukla,14
2011,LRPL Taylor,181
2011,M Kaif,41
2011,M Kartik,12
2011,M Klinger,73
2011,M Manhas,114
2011,M Morkel,40
2011,M Muralitharan,5
2011,M Vijay,434
2011,MA Agarwal,141
2011,MD Mishra,67
2011,MEK Hussey,492
2011,MJ Lumb,0
2011,MK Pandey,246
2011,MK Tiwary,359
2011,MM Patel,0
2011,MR Marsh,50
2011,MS Bisla,72
2011,MS Dhoni,392
2011,MS Gony,0
2011,MS Wade,22
2011,MV Boucher,6
2011,Mandeep Singh,47
2011,ND Doshi,0
2011,NJ Rimmington,1
2011,NL McCullum,26
2011,NLTC Perera,23
2011,NV Ojha,160
2011,OA Shah,26
2011,P Kumar,27
2011,P Parameswaran,1
2011,PA Patel,202
2011,PC Valthaty,463
2011,PP Chawla,48
2011,PR Shah,5
2011,R Ashwin,2
2011,R Bhatia,25
2011,R Dravid,343
2011,R McLaren,90
2011,R Ninan,3
2011,R Sathish,25
2011,R Sharma,24
2011,R Vinay Kumar,50
2011,RA Jadeja,283
2011,RE van der Merwe,14
2011,RG Sharma,372
2011,RJ Harris,31
2011,RN ten Doeschate,107
2011,RP Singh,2
2011,RR Powar,11
2011,RV Gomez,46
2011,RV Uthappa,264
2011,S Anirudha,83
2011,S Aravind,13
2011,S Badrinath,396
2011,S Dhawan,400
2011,S Nadeem,0
2011,S Rana,18
2011,S Randiv,2
2011,S Sohal,249
2011,S Sreesanth,1
2011,S Sriram,4
2011,SA Asnodkar,9
2011,SB Styris,5
2011,SB Wagh,2
2011,SC Ganguly,50
2011,SD Chitnis,9
2011,SE Marsh,504
2011,SJ Srivastava,4
2011,SK Raina,438
2011,SK Trivedi,0
2011,SK Warne,10
2011,SL Malinga,8
2011,SP Goswami,29
2011,SR Tendulkar,553
2011,SR Watson,330
2011,SS Tiwary,187
2011,STR Binny,37
2011,SW Tait,10
2011,Shakib Al Hasan,29
2011,Sunny Singh,43
2011,TD Paine,10
2011,TL Suman,65
2011,TM Dilshan,226
2011,TR Birt,75
2011,UBT Chand,2
2011,UT Yadav,1
2011,V Kohli,557
2011,V Sehwag,424
2011,VR Aaron,0
2011,VVS Laxman,44
2011,WD Parnell,37
2011,WP Saha,68
2011,Y Gnaneswara Rao,19
2011,Y Nagar,111
2011,Y Venugopal Rao,336
2011,YK Pathan,283
2011,Yuvraj Singh,343
2011,Z Khan,21
2012,A Mishra,0
2012,A Nehra,2
2012,A Singh,0
2012,AA Chavan,4
2012,AB Dinda,2
2012,AB McDonald,30
2012,AB de Villiers,78
2012,AC Gilchrist,54
2012,AD Mascarenhas,5
2012,AD Mathews,11
2012,AJ Finch,55
2012,AL Menaria,61
2012,AM Nayar,34
2012,AM Rahane,157
2012,AT Rayudu,85
2012,Ankit Sharma,16
2012,B Chipli,11
2012,B Kumar,2
2012,B Lee,42
2012,BB McCullum,11
2012,BJ Hodge,77
2012,Bipul Sharma,53
2012,CA Pujara,17
2012,CH Gayle,70
2012,CJ Ferguson,15
2012,CL White,53
2012,DAJ Bracewell,12
2012,DB Das,30
2012,DB Ravi Teja,4
2012,DE Bollinger,3
2012,DJ Bravo,109
2012,DJ Harris,15
2012,DJ Hussey,31
2012,DL Vettori,24
2012,DPMD Jayawardene,20
2012,DT Christian,41
2012,DW Steyn,7
2012,F du Plessis,128
2012,G Gambhir,91
2012,GB Hogg,2
2012,GJ Maxwell,6
2012,HV Patel,10
2012,Harbhajan Singh,34
2012,Harmeet Singh,1
2012,IK Pathan,66
2012,Iqbal Abdulla,2
2012,J Botha,8
2012,JA Morkel,35
2012,JD Ryder,15
2012,JEC Franklin,66
2012,JH Kallis,62
2012,JP Faulkner,14
2012,KA Pollard,96
2012,KC Sangakkara,14
2012,KD Karthik,39
2012,KK Cooper,30
2012,KP Pietersen,51
2012,LR Shukla,39
2012,M Kartik,14
2012,M Manhas,31
2012,M Morkel,2
2012,M Vijay,23
2012,MA Agarwal,66
2012,MK Pandey,12
2012,MK Tiwary,85
2012,MM Patel,1
2012,MN Samuels,52
2012,MS Bisla,75
2012,MS Dhoni,63
2012,MS Gony,4
2012,Mandeep Singh,68
2012,NV Ojha,47
2012,OA Shah,144
2012,P Kumar,11
2012,PA Patel,21
2012,PC Valthaty,14
2012,PP Chawla,47
2012,PP Ojha,0
2012,R Ashwin,11
2012,R Bhatia,19
2012,R Dravid,85
2012,R Sharma,2
2012,R Vinay Kumar,49
2012,RA Jadeja,68
2012,RE Levi,82
2012,RG Sharma,95
2012,RN ten Doeschate,10
2012,RR Bhatkal,0
2012,RV Uthappa,93
2012,S Badrinath,50
2012,S Dhawan,62
2012,SA Yadav,0
2012,SB Jakati,7
2012,SC Ganguly,39
2012,SE Marsh,71
2012,SK Raina,92
2012,SK Trivedi,5
2012,SL Malinga,5
2012,SP Goswami,47
2012,SP Narine,0
2012,SPD Smith,77
2012,SR Tendulkar,16
2012,SS Tiwary,27
2012,Shakib Al Hasan,20
2012,TL Suman,15
2012,V Kohli,71
2012,V Sehwag,53
2012,WD Parnell,11
2012,Y Nagar,17
2012,Y Venugopal Rao,18
2012,YK Pathan,23
2012,Z Khan,11
2018,AB de Villiers,194
2018,AD Hales,39
2018,AD Russell,98
2018,AJ Finch,110
2018,AJ Tye,14
2018,AM Rahane,131
2018,AR Patel,52
2018,AS Rajpoot,3
2018,AT Rayudu,179
2018,Abhishek Sharma,63
2018,Anureet Singh,3
2018,B Kumar,12
2018,BA Stokes,22
2018,BB Sran,1
2018,BCJ Cutting,51
2018,C de Grandhomme,45
2018,CA Lynn,193
2018,CH Gayle,57
2018,CR Brathwaite,75
2018,DA Miller,24
2018,DJ Bravo,9
2018,DJ Hooda,44
2018,DJM Short,4
2018,DL Chahar,50
2018,E Lewis,117
2018,F du Plessis,91
2018,GJ Maxwell,27
2018,H Klaasen,50
2018,HH Pandya,72
2018,HV Patel,36
2018,Harbhajan Singh,21
2018,IS Sodhi,1
2018,Ishan Kishan,37
2018,JC Archer,6
2018,JC Buttler,228
2018,JD Unadkat,26
2018,JJ Bumrah,0
2018,JJ Roy,23
2018,JPR Scantlebury-Searles,8
2018,K Gowtham,39
2018,KA Pollard,57
2018,KD Karthik,177
2018,KH Pandya,39
2018,KK Nair,58
2018,KL Rahul,188
2018,KS Williamson,242
2018,Kuldeep Yadav,0
2018,M Markande,10
2018,MA Agarwal,2
2018,MJ McClenaghan,11
2018,MK Pandey,100
2018,MK Tiwary,39
2018,MM Ali,67
2018,MM Sharma,9
2018,MP Stoinis,3
2018,MS Dhoni,95
2018,Mandeep Singh,20
2018,Mohammed Siraj,14
2018,N Rana,64
2018,P Chopra,8
2018,PA Patel,80
2018,PP Chawla,12
2018,PP Shaw,40
2018,R Ashwin,45
2018,RA Jadeja,30
2018,RA Tripathi,127
2018,RG Sharma,19
2018,RR Pant,163
2018,RV Uthappa,78
2018,Rashid Khan,34
2018,S Dhawan,207
2018,SA Yadav,77
2018,SK Raina,184
2018,SN Khan,40
2018,SN Thakur,15
2018,SP Goswami,52
2018,SP Narine,155
2018,SR Watson,227
2018,SS Iyer,57
2018,STR Binny,23
2018,SV Samson,109
2018,SW Billings,28
2018,Shakib Al Hasan,81
2018,Shivam Mavi,6
2018,Shubman Gill,74
2018,TG Southee,15
2018,UT Yadav,0
2018,V Kohli,134
2018,V Shankar,100
2018,WP Saha,35
2018,YK Pathan,74
2018,YS Chahal,0
2018,Yuvraj Singh,1
2019,A Mishra,21
2019,AB de Villiers,442
2019,AD Nath,61
2019,AD Russell,514
2019,AJ Turner,3
2019,AJ Tye,0
2019,AM Rahane,393
2019,AR Patel,110
2019,AS Joseph,15
2019,AT Rayudu,282
2019,Abhishek Sharma,9
2019,Avesh Khan,4
2019,B Kumar,12
2019,BA Stokes,123
2019,BB Sran,3
2019,BCJ Cutting,18
2019,Basil Thampi,1
2019,C Munro,84
2019,C de Grandhomme,46
2019,CA Ingram,184
2019,CA Lynn,405
2019,CH Gayle,490
2019,CH Morris,32
2019,CR Brathwaite,11
2019,DA Miller,213
2019,DA Warner,692
2019,DJ Bravo,80
2019,DJ Hooda,64
2019,DL Chahar,7
2019,DR Shorey,5
2019,DS Kulkarni,5
2019,E Lewis,48
2019,F du Plessis,396
2019,GC Viljoen,3
2019,GH Vihari,4
2019,Gurkeerat Singh,98
2019,H Klaasen,9
2019,HF Gurney,1
2019,HH Pandya,409
2019,HV Patel,0
2019,Harbhajan Singh,1
2019,Harpreet Brar,20
2019,I Sharma,10
2019,IS Sodhi,6
2019,Ishan Kishan,101
2019,J Suchith,6
2019,JC Archer,67
2019,JC Buttler,311
2019,JD Unadkat,1
2019,JJ Bumrah,0
2019,JL Denly,0
2019,JM Bairstow,445
2019,K Gowtham,18
2019,K Rabada,14
2019,KA Pollard,281
2019,KC Cariappa,9
2019,KD Karthik,254
2019,KH Pandya,183
2019,KK Ahmed,0
2019,KK Nair,5
2019,KL Rahul,593
2019,KM Jadhav,162
2019,KMA Paul,18
2019,KS Williamson,156
2019,Kuldeep Yadav,12
2019,LS Livingstone,70
2019,M Ashwin,3
2019,M Markande,6
2019,M Prasidh Krishna,0
2019,M Vijay,64
2019,MA Agarwal,332
2019,MJ Guptill,82
2019,MJ McClenaghan,11
2019,MJ Santner,32
2019,MK Lomror,8
2019,MK Pandey,345
2019,MM Ali,220
2019,MM Sharma,0
2019,MP Stoinis,211
2019,MS Dhoni,416
2019,Mandeep Singh,165
2019,Mohammad Nabi,121
2019,Mohammed Shami,1
2019,Mohammed Siraj,4
2019,Mujeeb Ur Rahman,0
2019,N Pooran,168
2019,N Rana,344
2019,NS Naik,7
2019,Navdeep Saini,2
2019,P Negi,9
2019,P Ray Barman,19
2019,P Simran Singh,16
2019,PA Patel,373
2019,PP Chawla,42
2019,PP Shaw,353
2019,Q de Kock,529
2019,R Ashwin,42
2019,R Parag,160
2019,R Tewatia,26
2019,RA Jadeja,106
2019,RA Tripathi,141
2019,RD Chahar,12
2019,RG Sharma,405
2019,RK Bhui,7
2019,RK Singh,37
2019,RR Pant,494
2019,RV Uthappa,284
2019,Rashid Khan,34
2019,Rasikh Salam,5
2019,S Dhawan,521
2019,S Dube,40
2019,S Gopal,63
2019,S Kaul,0
2019,S Lamichhane,0
2019,SA Yadav,424
2019,SD Lad,15
2019,SE Rutherford,73
2019,SK Raina,383
2019,SM Curran,95
2019,SN Khan,180
2019,SN Thakur,14
2019,SO Hetmyer,90
2019,SP Narine,143
2019,SPD Smith,319
2019,SR Watson,398
2019,SS Iyer,467
2019,STR Binny,70
2019,SV Samson,342
2019,SW Billings,0
2019,Sandeep Sharma,6
2019,Shakib Al Hasan,9
2019,Shubman Gill,296
2019,TA Boult,7
2019,TG Southee,9
2019,UT Yadav,25
2019,V Kohli,464
2019,V Shankar,244
2019,VR Aaron,3
2019,WP Saha,86
2019,Washington Sundar,1
2019,Y Prithvi Raj,0
2019,YK Pathan,40
2019,YS Chahal,6
2019,Yuvraj Singh,98
2020/21,A Nortje,7
2020/21,AB de Villiers,460
2020/21,AD Russell,117
2020/21,AJ Finch,268
2020/21,AJ Tye,6
2020/21,AM Rahane,113
2020/21,AR Patel,117
2020/21,AS Rajpoot,9
2020/21,AT Carey,32
2020/21,AT Rayudu,359
2020/21,Abdul Samad,113
2020/21,Abhishek Sharma,71
2020/21,Arshdeep Singh,0
2020/21,B Kumar,0
2020/21,BA Stokes,285
2020/21,CH Gayle,295
2020/21,CH Morris,34
2020/21,CJ Jordan,29
2020/21,CV Varun,10
2020/21,D Padikkal,473
2020/21,DA Warner,548
2020/21,DJ Bravo,7
2020/21,DJ Hooda,102
2020/21,DL Chahar,7
2020/21,DR Sams,0
2020/21,DS Kulkarni,3
2020/21,DW Steyn,1
2020/21,EJG Morgan,419
2020/21,F du Plessis,449
2020/21,GJ Maxwell,108
2020/21,Gurkeerat Singh,71
2020/21,HH Pandya,283
2020/21,HV Patel,21
2020/21,I Udana,15
2020/21,Imran Tahir,13
2020/21,Ishan Kishan,516
2020/21,JC Archer,113
2020/21,JC Buttler,328
2020/21,JD Unadkat,9
2020/21,JDS Neesham,19
2020/21,JJ Bumrah,5
2020/21,JL Pattinson,15
2020/21,JM Bairstow,345
2020/21,JO Holder,66
2020/21,JR Philippe,78
2020/21,K Gowtham,42
2020/21,K Rabada,56
2020/21,KA Pollard,281
2020/21,KD Karthik,169
2020/21,KH Pandya,109
2020/21,KK Ahmed,0
2020/21,KK Nair,16
2020/21,KL Nagarkoti,22
2020/21,KL Rahul,676
2020/21,KM Jadhav,62
2020/21,KS Williamson,317
2020/21,Kartik Tyagi,4
2020/21,Kuldeep Yadav,13
2020/21,LH Ferguson,43
2020/21,M Ashwin,4
2020/21,M Prasidh Krishna,2
2020/21,M Vijay,32
2020/21,MA Agarwal,432
2020/21,MK Lomror,59
2020/21,MK Pandey,425
2020/21,MM Ali,12
2020/21,MP Stoinis,352
2020/21,MR Marsh,0
2020/21,MS Dhoni,200
2020/21,Mandeep Singh,130
2020/21,Mohammad Nabi,11
2020/21,Mohammed Shami,2
2020/21,Mohammed Siraj,17
2020/21,Mujeeb Ur Rahman,1
2020/21,N Jagadeesan,33
2020/21,N Pooran,353
2020/21,N Rana,352
2020/21,NM Coulter-Nile,25
2020/21,NS Naik,1
2020/21,Navdeep Saini,27
2020/21,P Dubey,7
2020/21,P Simran Singh,15
2020/21,PJ Cummins,146
2020/21,PK Garg,133
2020/21,PP Shaw,228
2020/21,Q de Kock,506
2020/21,R Ashwin,37
2020/21,R Parag,86
2020/21,R Tewatia,255
2020/21,RA Jadeja,232
2020/21,RA Tripathi,230
2020/21,RD Chahar,2
2020/21,RD Gaikwad,204
2020/21,RG Sharma,334
2020/21,RK Singh,11
2020/21,RR Pant,345
2020/21,RV Uthappa,196
2020/21,Rashid Khan,35
2020/21,Ravi Bishnoi,7
2020/21,S Dhawan,618
2020/21,S Dube,129
2020/21,S Gopal,37
2020/21,S Nadeem,7
2020/21,SA Yadav,480
2020/21,SM Curran,186
2020/21,SN Khan,33
2020/21,SN Thakur,12
2020/21,SO Hetmyer,185
2020/21,SP Goswami,0
2020/21,SP Narine,121
2020/21,SPD Smith,311
2020/21,SR Watson,299
2020/21,SS Cottrell,0
2020/21,SS Iyer,519
2020/21,SS Tiwary,103
2020/21,SV Samson,375
2020/21,Sandeep Sharma,12
2020/21,Shahbaz Ahmed,1
2020/21,Shivam Mavi,10
2020/21,Shubman Gill,440
2020/21,T Banton,18
2020/21,T Natarajan,3
2020/21,TA Boult,0
2020/21,TK Curran,83
2020/21,TU Deshpande,21
2020/21,UT Yadav,0
2020/21,V Kohli,471
2020/21,V Shankar,97
2020/21,VR Aaron,1
2020/21,WP Saha,214
2020/21,Washington Sundar,111
2020/21,YBK Jaiswal,40
2020/21,YS Chahal,1
2021,AB de Villiers,313
2021,AD Russell,183
2021,AF Milne,16
2021,AK Markram,146
2021,AM Rahane,8
2021,AR Patel,40
2021,AT Rayudu,257
2021,Abdul Samad,111
2021,Abhishek Sharma,98
2021,Anmolpreet Singh,16
2021,Anuj Rawat,0
2021,Arshdeep Singh,2
2021,Avesh Khan,5
2021,B Kumar,34
2021,BA Stokes,0
2021,C Sakariya,16
2021,CA Lynn,49
2021,CH Gayle,193
2021,CH Morris,67
2021,CJ Jordan,32
2021,CR Woakes,15
2021,CV Varun,2
2021,D Padikkal,411
2021,DA Miller,124
2021,DA Warner,197
2021,DJ Bravo,47
2021,DJ Hooda,160
2021,DJ Malan,26
2021,DL Chahar,1
2021,DR Sams,6
2021,DT Christian,14
2021,E Lewis,151
2021,EJG Morgan,133
2021,F du Plessis,633
2021,FA Allen,6
2021,GD Phillips,26
2021,GHS Garton,2
2021,GJ Maxwell,513
2021,HH Pandya,127
2021,HV Patel,59
2021,Harbhajan Singh,4
2021,Harpreet Brar,64
2021,Ishan Kishan,241
2021,J Suchith,14
2021,J Yadav,34
2021,JA Richardson,15
2021,JC Buttler,254
2021,JD Unadkat,41
2021,JDS Neesham,0
2021,JJ Bumrah,16
2021,JJ Roy,150
2021,JM Bairstow,248
2021,JO Holder,85
2021,K Rabada,13
2021,K Yadav,0
2021,KA Jamieson,65
2021,KA Pollard,245
2021,KD Karthik,223
2021,KH Pandya,143
2021,KK Ahmed,1
2021,KL Nagarkoti,0
2021,KL Rahul,626
2021,KM Jadhav,55
2021,KS Bharat,191
2021,KS Williamson,270
2021,Kartik Tyagi,2
2021,LH Ferguson,18
2021,LS Livingstone,42
2021,Lalit Yadav,68
2021,M Ashwin,15
2021,M Jansen,0
2021,M Prasidh Krishna,0
2021,M Shahrukh Khan,153
2021,M Vohra,42
2021,MA Agarwal,441
2021,MC Henriques,31
2021,MK Lomror,94
2021,MK Pandey,292
2021,MM Ali,357
2021,MP Stoinis,89
2021,MS Dhoni,114
2021,Mandeep Singh,15
2021,Mohammad Nabi,34
2021,Mohammed Shami,13
2021,Mohammed Siraj,20
2021,Mujeeb Ur Rahman,1
2021,Mustafizur Rahman,8
2021,N Pooran,85
2021,N Rana,383
2021,NM Coulter-Nile,4
2021,NT Ellis,18
2021,Navdeep Saini,2
2021,P Simran Singh,19
2021,PJ Cummins,93
2021,PK Garg,72
2021,PP Chawla,0
2021,PP Shaw,479
2021,PWH de Silva,1
2021,Q de Kock,297
2021,R Ashwin,44
2021,R Parag,93
2021,R Tewatia,155
2021,RA Jadeja,227
2021,RA Tripathi,397
2021,RD Chahar,14
2021,RD Gaikwad,635
2021,RG Sharma,381
2021,RM Patidar,71
2021,RR Pant,424
2021,RV Patel,25
2021,RV Uthappa,115
2021,Rashid Khan,83
2021,Ravi Bishnoi,1
2021,S Dhawan,587
2021,S Dube,230
2021,S Gopal,7
2021,S Kaul,8
2021,S Nadeem,0
2021,SA Yadav,317
2021,SK Raina,160
2021,SM Curran,56
2021,SN Khan,0
2021,SN Thakur,5
2021,SO Hetmyer,242
2021,SP Narine,62
2021,SPD Smith,152
2021,SS Iyer,175
2021,SS Tiwary,115
2021,SV Samson,484
2021,Sachin Baby,7
2021,Sandeep Sharma,8
2021,Shahbaz Ahmed,59
2021,Shakib Al Hasan,47
2021,Shivam Mavi,25
2021,Shubman Gill,478
2021,T Shamsi,2
2021,TA Boult,1
2021,TG Southee,3
2021,TH David,1
2021,TK Curran,21
2021,TL Seifert,2
2021,V Kohli,405
2021,V Shankar,58
2021,VR Iyer,370
2021,Virat Singh,15
2021,WP Saha,131
2021,Washington Sundar,31
2021,YBK Jaiswal,249
2021,YS Chahal,10
2022,A Badoni,161
2022,A Manohar,108
2022,A Nortje,1
2022,A Tomar,4
2022,AD Russell,335
2022,AJ Finch,86
2022,AK Markram,381
2022,AM Rahane,133
2022,AR Patel,182
2022,AS Joseph,5
2022,AS Roy,0
2022,AT Rayudu,274
2022,Abdul Samad,4
2022,Abhishek Sharma,426
2022,Akash Deep,0
2022,Aman Hakim Khan,5
2022,Anmolpreet Singh,13
2022,Anuj Rawat,129
2022,Arshdeep Singh,21
2022,Avesh Khan,22
2022,B Indrajith,21
2022,B Kumar,24
2022,B Sai Sudharsan,145
2022,CJ Jordan,11
2022,CV Varun,12
2022,D Brevis,161
2022,D Padikkal,376
2022,D Pretorius,44
2022,DA Miller,481
2022,DA Warner,432
2022,DJ Bravo,23
2022,DJ Hooda,451
2022,DJ Mitchell,33
2022,DJ Willey,18
2022,DP Conway,252
2022,DR Sams,38
2022,E Lewis,73
2022,F du Plessis,468
2022,FA Allen,8
2022,Fazalhaq Farooqi,2
2022,GJ Maxwell,301
2022,HE van der Dussen,22
2022,HH Pandya,487
2022,HR Shokeen,43
2022,HV Patel,43
2022,Harpreet Brar,22
2022,Harshit Rana,2
2022,Ishan Kishan,418
2022,J Suchith,2
2022,JC Buttler,863
2022,JD Unadkat,59
2022,JDS Neesham,31
2022,JJ Bumrah,0
2022,JM Bairstow,253
2022,JM Sharma,234
2022,JO Holder,58
2022,JR Hazlewood,18
2022,K Gowtham,0
2022,K Kartikeya,3
2022,K Rabada,48
2022,KA Pollard,144
2022,KD Karthik,330
2022,KH Pandya,183
2022,KK Ahmed,0
2022,KK Nair,16
2022,KL Rahul,616
2022,KR Sen,0
2022,KS Bharat,8
2022,KS Sharma,4
2022,KS Williamson,216
2022,Kartik Tyagi,7
2022,Kuldeep Yadav,48
2022,LH Ferguson,5
2022,LS Livingstone,437
2022,Lalit Yadav,161
2022,M Ashwin,12
2022,M Jansen,9
2022,M Prasidh Krishna,6
2022,M Shahrukh Khan,117
2022,M Theekshana,7
2022,M Vohra,19
2022,MA Agarwal,196
2022,MJ Santner,22
2022,MK Lomror,86
2022,MK Pandey,88
2022,MM Ali,244
2022,MP Stoinis,156
2022,MR Marsh,251
2022,MS Dhoni,232
2022,MS Wade,157
2022,Mandeep Singh,18
2022,Mohammed Siraj,30
2022,Mohsin Khan,23
2022,Mukesh Choudhary,6
2022,Mustafizur Rahman,3
2022,N Jagadeesan,40
2022,N Pooran,306
2022,N Rana,361
2022,NM Coulter-Nile,1
2022,NT Ellis,0
2022,Navdeep Saini,2
2022,OC McCoy,8
2022,OF Smith,51
2022,P Simran Singh,14
2022,PBB Rajapaksa,206
2022,PJ Cummins,63
2022,PJ Sangwan,2
2022,PK Garg,46
2022,PN Mankad,4
2022,PP Shaw,283
2022,PVD Chameera,43
2022,PWH de Silva,38
2022,Q de Kock,508
2022,R Ashwin,191
2022,R Dhawan,37
2022,R Parag,183
2022,R Powell,250
2022,R Sanjay Yadav,0
2022,R Shepherd,58
2022,R Tewatia,217
2022,RA Bawa,11
2022,RA Jadeja,116
2022,RA Tripathi,413
2022,RD Chahar,77
2022,RD Gaikwad,368
2022,RG Sharma,268
2022,RK Singh,174
2022,RM Patidar,333
2022,RP Meredith,0
2022,RR Pant,340
2022,RV Patel,6
2022,RV Uthappa,230
2022,Ramandeep Singh,45
2022,Rashid Khan,91
2022,Rasikh Salam,7
2022,Ravi Bishnoi,0
2022,S Dhawan,460
2022,S Dube,289
2022,S Gopal,9
2022,SA Abbott,7
2022,SA Yadav,303
2022,SE Rutherford,33
2022,SN Khan,91
2022,SN Thakur,120
2022,SO Hetmyer,314
2022,SP Jackson,23
2022,SP Narine,71
2022,SS Iyer,401
2022,SS Prabhudessai,67
2022,SV Samson,458
2022,SW Billings,169
2022,Shahbaz Ahmed,219
2022,Shashank Singh,69
2022,Shivam Mavi,3
2022,Shubman Gill,483
2022,Simarjeet Singh,7
2022,T Stubbs,2
2022,TA Boult,40
2022,TG Southee,2
2022,TH David,186
2022,TL Seifert,24
2022,TS Mills,0
2022,Tilak Varma,397
2022,UT Yadav,55
2022,Umran Malik,4
2022,V Kohli,341
2022,V Shankar,19
2022,VG Arora,5
2022,VR Iyer,182
2022,WP Saha,317
2022,Washington Sundar,101
2022,YBK Jaiswal,258
2022,YS Chahal,5
2022,Yash Dayal,0
